{"filter":false,"title":"credentials.json","tooltip":"/credentials.json","undoManager":{"mark":5,"position":5,"stack":[[{"start":{"row":0,"column":0},"end":{"row":2,"column":55},"action":"insert","lines":["{","  \"accountSid\": \"ACb9ddf1dbbfa41e1895a9caa5772c60eb\",","  \"signingKeySid\": \"SKaff16ff5e63fadd5a89c8689f287030f\""],"id":1}],[{"start":{"row":2,"column":55},"end":{"row":6,"column":51},"action":"insert","lines":["{","  \"accountSid\": \"ACb9ddf1dbbfa41e1895a9caa5772c60eb\",","  \"signingKeySid\": \"SKaff16ff5e63fadd5a89c8689f287030f\",","  \"signingKeySecret\": \"Ve8gf2ACRp5z02Jc7sfmhNvYzjVkv1Q8\",","  \"serviceSid\": \"IS8a233f945d214ffb9db74670bc705ff6"],"id":2}],[{"start":{"row":0,"column":0},"end":{"row":2,"column":55},"action":"remove","lines":["{","  \"accountSid\": \"ACb9ddf1dbbfa41e1895a9caa5772c60eb\",","  \"signingKeySid\": \"SKaff16ff5e63fadd5a89c8689f287030f\""],"id":3}],[{"start":{"row":4,"column":51},"end":{"row":4,"column":52},"action":"insert","lines":["\""],"id":4}],[{"start":{"row":4,"column":52},"end":{"row":5,"column":0},"action":"insert","lines":["",""],"id":5},{"start":{"row":5,"column":0},"end":{"row":5,"column":2},"action":"insert","lines":["  "]}],[{"start":{"row":5,"column":2},"end":{"row":5,"column":3},"action":"insert","lines":["}"],"id":6},{"start":{"row":5,"column":0},"end":{"row":5,"column":2},"action":"remove","lines":["  "]}]]},"ace":{"folds":[],"scrolltop":0,"scrollleft":0,"selection":{"start":{"row":5,"column":1},"end":{"row":5,"column":1},"isBackwards":false},"options":{"guessTabSize":true,"useWrapMode":false,"wrapToView":true},"firstLineState":0},"timestamp":1482143286745,"hash":"e9e62c82d7664b7916595257df2beab96da456fc"}